[
  {
    "name": "login",
    "path": "/login",
    "component": "F:\\\\CybertronProject\\\\RMP\\\\pages\\\\login.vue",
    "chunkName": "pages/login",
    "_name": "_b72f04f6"
  },
  {
    "name": "product",
    "path": "/product",
    "component": "F:\\\\CybertronProject\\\\RMP\\\\pages\\\\product\\\\index.vue",
    "chunkName": "pages/product/index",
    "_name": "_14372b17"
  },
  {
    "name": "index",
    "path": "/",
    "component": "F:\\\\CybertronProject\\\\RMP\\\\pages\\\\index.vue",
    "chunkName": "pages/index",
    "_name": "_4a7e4b24"
  }
]
